<?xml version="1.0" encoding="UTF-8"?>
<addon id="repository.tidal2" name="TIDAL2 Addons >= Kodi 19" version="0.2.0" provider-name="arneson">
    <requires>
        <import addon="xbmc.addon" version="13.0.0"/>
    </requires>
    <extension point="xbmc.addon.repository" name="TIDAL2 Addons (>= Kodi 19)">
        <info compressed="false">https://github.com/arnesongit/repository.tidal2/raw/main/addons.xml</info>
        <checksum>https://github.com/arnesongit/repository.tidal2/raw/main/addons.xml.md5</checksum>
        <datadir zip="true">https://github.com/arnesongit/repository.tidal2/raw/main</datadir>
        <hashes>false</hashes>
    </extension>
    <extension point="xbmc.addon.metadata">
        <summary>Install TIDAL2 Addons (>= Kodi 19)</summary>
        <description>Download and install addons by arneson</description>
        <platform>all</platform>
    </extension>
</addon>